{"batch_train_loss": 1.0381264686584473, "batch_train_acc": 69.62250712250712, "_timestamp": 1765104673.7144985, "_runtime": 513.3280584812164, "_step": 19900, "epoch": 50, "current_rank": 13, "active_lora_params": 79872, "train_loss": 0.8509042802674082, "train_acc": 69.686, "test_loss": 0.7935839582093155, "test_acc": 72.39, "learning_rate": 9.866357858642198e-07, "best_accuracy": 72.45, "best_epoch": 46, "rank_change": 13, "_wandb": {"runtime": 512}}