{"batch_train_loss": 0.6026347875595093, "batch_train_acc": 77.69097222222223, "batch": 19900, "_timestamp": 1765091874.0747647, "_runtime": 533.3374216556549, "_step": 449, "epoch": 50, "train_loss": 0.628286301784808, "train_acc": 77.752, "test_loss": 0.62704455890233, "test_acc": 78.77, "learning_rate": 9.866357858642198e-07, "test_acc_airplane": 82.0, "test_acc_automobile": 88.3, "test_acc_bird": 69.5, "test_acc_cat": 54.4, "test_acc_deer": 73.3, "test_acc_dog": 73.0, "test_acc_frog": 87.4, "test_acc_horse": 84.9, "test_acc_ship": 86.7, "test_acc_truck": 88.2, "best_accuracy": 78.82, "best_epoch": 46, "_wandb": {"runtime": 532}}