{"batch_train_loss": 0.606874942779541, "batch_train_acc": 77.60194088319088, "batch": 19900, "_timestamp": 1765076290.177782, "_runtime": 873.5741131305695, "_step": 449, "epoch": 50, "train_loss": 0.630258826572267, "train_acc": 77.654, "test_loss": 0.637973914795284, "test_acc": 78.38, "learning_rate": 9.866357858642198e-07, "test_acc_airplane": 79.0, "test_acc_automobile": 88.9, "test_acc_bird": 69.9, "test_acc_cat": 56.8, "test_acc_deer": 72.1, "test_acc_dog": 74.5, "test_acc_frog": 85.6, "test_acc_horse": 83.3, "test_acc_ship": 86.4, "test_acc_truck": 87.3, "best_accuracy": 78.42, "best_epoch": 47, "_wandb": {"runtime": 873}}