{"epoch": 2, "current_rank": 4, "active_lora_params": 24576, "train_loss": 1.58552397791382, "train_acc": 41.666, "test_loss": 1.4456141674065892, "test_acc": 48.29, "learning_rate": 0.0009990133642141358, "_timestamp": 1765126211.4089546, "_runtime": 20.349356651306152, "_step": 1, "best_accuracy": 48.29, "best_epoch": 2, "_wandb": {"runtime": 20}}