{"batch_train_loss": 1.0544453859329224, "batch_train_acc": 68.6698717948718, "_timestamp": 1765103742.0739317, "_runtime": 462.5933656692505, "_step": 19900, "epoch": 50, "current_rank": 13, "active_lora_params": 79872, "train_loss": 0.8729816480060978, "train_acc": 68.684, "test_loss": 0.8052894043017037, "test_acc": 71.25, "learning_rate": 9.866357858642198e-07, "best_accuracy": 71.3, "best_epoch": 49, "rank_change": 13, "_wandb": {"runtime": 461}}