{"epoch": 50, "current_rank": 13, "active_lora_params": 79872, "train_loss": 0.8978794131742414, "train_acc": 67.824, "test_loss": 0.8352331919006154, "test_acc": 70.46, "learning_rate": 9.866357858642198e-07, "_timestamp": 1765106473.2691643, "_runtime": 488.26957726478577, "_step": 52, "best_accuracy": 70.46, "best_epoch": 50, "rank_change": 13, "_wandb": {"runtime": 487}}