{"epoch": 100, "global_iteration": 39100, "train_loss": 1.0746792629551705, "train_acc": 61.51, "test_loss": 1.1010108439228203, "test_acc": 60.89, "lora1_loss": 0.0, "lora2_loss": 0.0, "lora3_loss": 1.0630907883349152, "lora1_updates": 0, "lora2_updates": 0, "lora3_updates": 97, "lora1_grad_norm": 0, "lora2_grad_norm": 0, "lora3_grad_norm": 1.603467789705619, "lr_lora1": 0.0, "lr_lora2": 0.0, "lr_lora3": 0.0, "test_acc_airplane": 71.0, "test_acc_automobile": 74.2, "test_acc_bird": 52.1, "test_acc_cat": 24.9, "test_acc_deer": 50.2, "test_acc_dog": 66.9, "test_acc_frog": 66.5, "test_acc_horse": 66.1, "test_acc_ship": 75.3, "test_acc_truck": 61.7, "_timestamp": 1765513009.4661784, "_runtime": 1113.9900014400482, "_step": 99, "best_accuracy": 60.95, "best_epoch": 85, "best_iteration": 33235, "_wandb": {"runtime": 1112}}