{"global_epoch": 29, "cycle": 1, "active_lora": 1, "active_lora_name": "LoRA1", "train_loss": 1.317969958495606, "train_acc": 52.214, "test_loss": 1.3075079238867457, "test_acc": 52.93, "grad_norm": 1.6780058732539413, "learning_rate": 0.0024193605804794655, "num_locked_loras": 0, "test_acc_airplane": 67.4, "test_acc_automobile": 55.6, "test_acc_bird": 35.1, "test_acc_cat": 37.6, "test_acc_deer": 44.2, "test_acc_dog": 44.7, "test_acc_frog": 56.1, "test_acc_horse": 56.4, "test_acc_ship": 70.0, "test_acc_truck": 62.2, "_timestamp": 1765872079.436908, "_runtime": 466.1117570400238, "_step": 28, "best_accuracy": 53.32, "best_epoch": 27}