{"global_epoch": 15, "cycle": 1, "active_lora": 3, "active_lora_name": "LoRA3", "train_loss": 1.3748717222677167, "train_acc": 50.016, "test_loss": 1.3630117223232607, "test_acc": 51.21, "grad_norm": 1.1161999306054025, "learning_rate": 0.0, "num_locked_loras": 2, "test_acc_airplane": 58.7, "test_acc_automobile": 48.6, "test_acc_bird": 40.2, "test_acc_cat": 22.2, "test_acc_deer": 43.7, "test_acc_dog": 61.6, "test_acc_frog": 60.6, "test_acc_horse": 54.7, "test_acc_ship": 72.1, "test_acc_truck": 49.7, "_timestamp": 1765721821.877144, "_runtime": 241.96363401412964, "_step": 14, "best_accuracy": 51.21, "best_epoch": 15, "orthogonality_L1_L2": 0.999851294071636, "_wandb": {"runtime": 245}}