{"epoch": 50, "train_loss": 0.6427223261664895, "train_acc": 77.264, "test_loss": 0.6416473181187352, "test_acc": 77.75, "learning_rate": 9.866357858642198e-07, "test_acc_airplane": 79.8, "test_acc_automobile": 87.9, "test_acc_bird": 71.0, "test_acc_cat": 51.2, "test_acc_deer": 71.8, "test_acc_dog": 72.5, "test_acc_frog": 86.1, "test_acc_horse": 83.4, "test_acc_ship": 87.1, "test_acc_truck": 86.7, "_timestamp": 1765143414.7101145, "_runtime": 565.0624485015869, "_step": 49, "best_accuracy": 77.75, "best_epoch": 50, "_wandb": {"runtime": 564}}