{"global_epoch": 300, "cycle": 1, "active_lora": 3, "active_lora_name": "LoRA3", "train_loss": 0.7690723453793684, "train_acc": 72.486, "test_loss": 0.8946506237681908, "test_acc": 69.87, "grad_norm": 0.5568248501619534, "learning_rate": 0.0, "num_locked_loras": 2, "test_acc_airplane": 76.1, "test_acc_automobile": 84.1, "test_acc_bird": 68.1, "test_acc_cat": 42.9, "test_acc_deer": 58.8, "test_acc_dog": 67.9, "test_acc_frog": 70.9, "test_acc_horse": 73.8, "test_acc_ship": 78.8, "test_acc_truck": 77.3, "_timestamp": 1765729633.0663438, "_runtime": 5200.64794588089, "_step": 299, "best_accuracy": 70.09, "best_epoch": 238, "orthogonality_L1_L2": 0.9417297193968752, "_wandb": {"runtime": 5203}}