{"global_epoch": 14, "cycle": 1, "active_lora": 2, "active_lora_name": "LoRA2", "train_loss": 1.3946755103138098, "train_acc": 49.322, "test_loss": 1.3695350055453144, "test_acc": 50.65, "grad_norm": 0.950848388298878, "learning_rate": 0.0006545084971874737, "num_locked_loras": 1, "test_acc_airplane": 56.8, "test_acc_automobile": 46.4, "test_acc_bird": 37.8, "test_acc_cat": 30.8, "test_acc_deer": 39.8, "test_acc_dog": 60.5, "test_acc_frog": 57.0, "test_acc_horse": 54.5, "test_acc_ship": 72.2, "test_acc_truck": 50.7, "_timestamp": 1765632067.247797, "_runtime": 224.68478107452393, "_step": 13, "best_accuracy": 50.65, "best_epoch": 14, "_wandb": {"runtime": 239}}