{"global_epoch": 105, "cycle": 1, "active_lora": 3, "active_lora_name": "LoRA3", "train_loss": 1.0277772269895316, "train_acc": 63.41, "test_loss": 1.0592061288749115, "test_acc": 62.29, "grad_norm": 1.2342176106485903, "learning_rate": 0.0, "num_locked_loras": 2, "test_acc_airplane": 72.0, "test_acc_automobile": 74.4, "test_acc_bird": 57.7, "test_acc_cat": 25.3, "test_acc_deer": 49.6, "test_acc_dog": 70.0, "test_acc_frog": 64.7, "test_acc_horse": 68.5, "test_acc_ship": 73.0, "test_acc_truck": 67.7, "_timestamp": 1765724009.497716, "_runtime": 1774.4936408996582, "_step": 104, "best_accuracy": 62.29, "best_epoch": 105, "orthogonality_L1_L2": 0.9987451429846671, "_wandb": {"runtime": 1778}}