{"epoch": 4, "train_loss": 2.405059067489546, "train_acc": 10.12, "test_loss": 2.391664628741107, "test_acc": 11.11, "base_update_lr": 0.0001, "lr_level_0": 0.00099778098230154, "lr_level_1": 0.00099778098230154, "lr_level_2": 0.00099778098230154, "_timestamp": 1765211513.4008899, "_runtime": 125.1504418849945, "_step": 3, "best_accuracy": 11.11, "best_epoch": 1, "_wandb": {"runtime": 125}}