{"epoch": 52, "train_loss": 1.0791612659268977, "train_acc": 61.332, "test_loss": 1.0797876896737497, "test_acc": 61.33, "lora1_loss": 1.0925097907595622, "lora2_loss": 0.0, "lora3_loss": 0.0, "lora1_grad_norm": 3.380407060764524, "lora2_grad_norm": 0, "lora3_grad_norm": 0, "lr_lora1": 0.0004686047402353435, "lr_lora2": 0.0004686047402353435, "lr_lora3": 0.00140581422070603, "test_acc_airplane": 63.2, "test_acc_automobile": 77.2, "test_acc_bird": 46.4, "test_acc_cat": 32.5, "test_acc_deer": 56.4, "test_acc_dog": 72.5, "test_acc_frog": 66.9, "test_acc_horse": 58.5, "test_acc_ship": 75.8, "test_acc_truck": 63.9, "_timestamp": 1765274664.2403302, "_runtime": 1224.8429591655731, "_step": 51, "best_accuracy": 61.33, "best_epoch": 52, "_wandb": {"runtime": 1240}}