{"epoch": 100, "global_iteration": 39100, "train_loss": 1.0355655095156502, "train_acc": 62.798, "test_loss": 1.0900472975984405, "test_acc": 61.97, "lora1_loss": 1.0390592295190562, "lora2_loss": 1.0399232656527788, "lora3_loss": 1.0522331331194061, "lora1_updates": 391, "lora2_updates": 195, "lora3_updates": 97, "lora1_grad_norm": 1.5350296815959377, "lora2_grad_norm": 2.3765636680612268, "lora3_grad_norm": 2.5017627081510585, "lr_lora1": 0.0, "lr_lora2": 0.0, "lr_lora3": 0.0, "test_acc_airplane": 72.1, "test_acc_automobile": 71.7, "test_acc_bird": 56.1, "test_acc_cat": 34.5, "test_acc_deer": 49.9, "test_acc_dog": 62.0, "test_acc_frog": 60.8, "test_acc_horse": 68.4, "test_acc_ship": 75.5, "test_acc_truck": 68.7, "_timestamp": 1765474291.4466012, "_runtime": 2890.1665630340576, "_step": 99, "best_accuracy": 62.24, "best_epoch": 87, "best_iteration": 34017, "_wandb": {"runtime": 2889}}