{"epoch": 3, "train_loss": 2.3222620578678064, "train_acc": 9.426, "test_loss": 2.3258791965774344, "test_acc": 10.77, "global_iteration": 1173, "lora0_loss": 2.3222620578678064, "lora1_loss": 2.3212506673773943, "lora2_loss": 2.319890027143517, "test_acc_airplane": 31.8, "test_acc_automobile": 6.0, "test_acc_bird": 40.2, "test_acc_cat": 5.7, "test_acc_deer": 9.9, "test_acc_dog": 11.1, "test_acc_frog": 0.0, "test_acc_horse": 0.0, "test_acc_ship": 3.0, "test_acc_truck": 0.0, "_timestamp": 1765561036.2352016, "_runtime": 80.33283853530884, "_step": 2, "_wandb": {"runtime": 81}}