{"global_epoch": 300, "cycle": 1, "active_lora": 3, "active_lora_name": "LoRA3", "train_loss": 1.7691271966680542, "train_acc": 33.588, "test_loss": 1.7539966166773928, "test_acc": 35.05, "grad_norm": 2.014206667169784, "learning_rate": 0.0, "num_locked_loras": 2, "test_acc_airplane": 49.1, "test_acc_automobile": 28.9, "test_acc_bird": 28.5, "test_acc_cat": 17.4, "test_acc_deer": 28.3, "test_acc_dog": 40.1, "test_acc_frog": 46.4, "test_acc_horse": 26.0, "test_acc_ship": 56.7, "test_acc_truck": 29.1, "_timestamp": 1765735351.7515578, "_runtime": 4338.125892877579, "_step": 299, "best_accuracy": 35.34, "best_epoch": 286, "orthogonality_L1_L2": 0.9130245440476144, "_wandb": {"runtime": 4340}}