{"global_epoch": 14, "cycle": 1, "active_lora": 2, "active_lora_name": "LoRA2", "train_loss": 1.3970196292833295, "train_acc": 49.332, "test_loss": 1.4001070638246174, "test_acc": 49.28, "grad_norm": 0.9444950811928867, "learning_rate": 0.0006545084971874737, "num_locked_loras": 1, "test_acc_airplane": 65.8, "test_acc_automobile": 44.5, "test_acc_bird": 41.8, "test_acc_cat": 13.4, "test_acc_deer": 38.0, "test_acc_dog": 68.9, "test_acc_frog": 57.4, "test_acc_horse": 52.2, "test_acc_ship": 67.5, "test_acc_truck": 43.3, "_timestamp": 1765623522.2154477, "_runtime": 242.6476867198944, "_step": 13, "best_accuracy": 49.75, "best_epoch": 11, "_wandb": {"runtime": 259}}