{"global_epoch": 257, "cycle": 1, "active_lora": 3, "active_lora_name": "LoRA3", "train_loss": 0.7908090497831555, "train_acc": 71.56, "test_loss": 0.9196180290059198, "test_acc": 69.1, "grad_norm": 1.2609890305501033, "learning_rate": 0.0001954641896508645, "num_locked_loras": 2, "test_acc_airplane": 78.3, "test_acc_automobile": 80.1, "test_acc_bird": 66.8, "test_acc_cat": 44.0, "test_acc_deer": 58.4, "test_acc_dog": 66.5, "test_acc_frog": 68.5, "test_acc_horse": 72.3, "test_acc_ship": 78.0, "test_acc_truck": 78.1, "_timestamp": 1765772891.551465, "_runtime": 4007.7333409786224, "_step": 256, "best_accuracy": 68.43, "best_epoch": 251, "orthogonality_L1_L2": 0.9900464656661072}