{"epoch": 80, "train_loss": 1.1067602155763474, "train_acc": 60.186, "test_loss": 1.1570255794102633, "test_acc": 59.9, "lora1_loss_rank4": 1.1117465461001677, "lora2_loss_rank8": 1.1109897645233233, "lora3_loss_rank16": 1.1074730892620428, "lora1_grad_norm_rank4": 1.2201947722194095, "lora2_grad_norm_rank8": 1.5193372144082637, "lora3_grad_norm_rank16": 2.0906557076416283, "lr_lora1_rank4": 0.000286474508437579, "lr_lora2_rank8": 9.549150281252637e-05, "lr_lora3_rank16": 4.7745751406263184e-05, "test_acc_airplane": 67.7, "test_acc_automobile": 71.7, "test_acc_bird": 52.0, "test_acc_cat": 30.0, "test_acc_deer": 44.3, "test_acc_dog": 66.5, "test_acc_frog": 61.4, "test_acc_horse": 61.9, "test_acc_ship": 77.3, "test_acc_truck": 66.2, "_timestamp": 1765471372.179901, "_runtime": 3959.5998277664185, "_step": 79, "best_accuracy": 59.9, "best_epoch": 80, "_wandb": {"runtime": 3978}}