{"epoch": 100, "global_iteration": 39100, "train_loss": 2.005164518075831, "train_acc": 23.368, "test_loss": 1.9722485859182817, "test_acc": 25.28, "lora1_loss": 2.00641488175258, "lora2_loss": 2.0061467219621707, "lora3_loss": 2.0015694283947503, "lora1_updates": 391, "lora2_updates": 195, "lora3_updates": 97, "lora1_grad_norm": 3.8911218740448774, "lora2_grad_norm": 1.520282352156945, "lora3_grad_norm": 1.2404702903384253, "lr_lora1": 0.0, "lr_lora2": 0.0, "lr_lora3": 0.0, "test_acc_airplane": 24.6, "test_acc_automobile": 1.5, "test_acc_bird": 2.9, "test_acc_cat": 25.5, "test_acc_deer": 16.3, "test_acc_dog": 6.2, "test_acc_frog": 56.4, "test_acc_horse": 26.2, "test_acc_ship": 51.9, "test_acc_truck": 41.3, "_timestamp": 1765490852.8143294, "_runtime": 2809.467524290085, "_step": 99, "best_accuracy": 25.35, "best_epoch": 97, "best_iteration": 37927, "_wandb": {"runtime": 2808}}