{"epoch": 100, "train_loss": 0.5313332698229328, "train_acc": 80.984, "test_loss": 0.571126551190509, "test_acc": 81.01, "learning_rate": 2.467198171342e-07, "test_acc_airplane": 81.0, "test_acc_automobile": 89.4, "test_acc_bird": 75.9, "test_acc_cat": 60.0, "test_acc_deer": 76.6, "test_acc_dog": 74.3, "test_acc_frog": 87.5, "test_acc_horse": 86.4, "test_acc_ship": 89.4, "test_acc_truck": 89.6, "_timestamp": 1765156685.212217, "_runtime": 936.0247750282288, "_step": 99, "best_accuracy": 81.14, "best_epoch": 92, "_wandb": {"runtime": 935}}