{"epoch": 6, "train_loss": 1.750747405354629, "train_acc": 34.83, "test_loss": 1.7475227177897585, "test_acc": 36.44, "lora1_loss": 1.7678273711972834, "lora2_loss": 1.764214681542438, "lora3_loss": 1.7614285363565625, "lora1_grad_norm": 1.1584391387325776, "lora2_grad_norm": 1.2384164137306688, "lora3_grad_norm": 1.339198953473815, "lr_lora1": 0.0009911436253643444, "lr_lora2": 0.0009911436253643444, "lr_lora3": 0.0029734308760930336, "test_acc_airplane": 51.5, "test_acc_automobile": 34.7, "test_acc_bird": 27.5, "test_acc_cat": 10.3, "test_acc_deer": 22.2, "test_acc_dog": 40.0, "test_acc_frog": 65.0, "test_acc_horse": 33.8, "test_acc_ship": 53.3, "test_acc_truck": 26.1, "_timestamp": 1765270891.9066951, "_runtime": 278.15956711769104, "_step": 5, "best_accuracy": 36.44, "best_epoch": 6}