{"epoch": 10, "train_loss": 1.702105522765528, "train_acc": 36.69, "test_loss": 1.6914402684078942, "test_acc": 38.6, "lora1_loss": 1.716203017003091, "lora2_loss": 1.7135433336657941, "lora3_loss": 1.710028952344909, "lora1_grad_norm": 1.511590481426927, "lora2_grad_norm": 1.5179758710161615, "lora3_grad_norm": 1.6418000245571647, "lr_lora1": 0.0009755282581475767, "lr_lora2": 0.0009755282581475767, "lr_lora3": 0.0029265847744427307, "test_acc_airplane": 61.5, "test_acc_automobile": 41.1, "test_acc_bird": 37.6, "test_acc_cat": 20.8, "test_acc_deer": 30.5, "test_acc_dog": 42.6, "test_acc_frog": 46.5, "test_acc_horse": 35.3, "test_acc_ship": 45.8, "test_acc_truck": 24.3, "_timestamp": 1765272946.1282506, "_runtime": 473.2270727157593, "_step": 9, "best_accuracy": 38.6, "best_epoch": 10, "_wandb": {"runtime": 486}}