{"batch_train_loss": 0.6256973147392273, "batch_train_acc": 76.7383368945869, "batch": 19900, "_timestamp": 1765100482.3506465, "_runtime": 618.0868074893951, "_step": 449, "epoch": 50, "train_loss": 0.6566230406998979, "train_acc": 76.67, "test_loss": 0.6448340419727036, "test_acc": 78.24, "learning_rate": 9.866357858642198e-07, "test_acc_airplane": 80.3, "test_acc_automobile": 89.9, "test_acc_bird": 68.7, "test_acc_cat": 54.9, "test_acc_deer": 72.4, "test_acc_dog": 74.6, "test_acc_frog": 85.5, "test_acc_horse": 83.1, "test_acc_ship": 85.8, "test_acc_truck": 87.2, "best_accuracy": 78.26, "best_epoch": 48, "_wandb": {"runtime": 617}}