{
  "epoch": [
    1,
    2,
    3,
    4,
    5,
    6,
    7,
    8,
    9,
    10,
    11,
    12,
    13,
    14,
    15,
    16,
    17,
    18,
    19,
    20,
    21,
    22,
    23,
    24,
    25,
    26,
    27,
    28,
    29,
    30,
    31,
    32,
    33,
    34,
    35,
    36,
    37,
    38,
    39,
    40,
    41,
    42,
    43,
    44,
    45,
    46,
    47,
    48,
    49,
    50,
    51,
    52,
    53,
    54,
    55,
    56,
    57,
    58,
    59,
    60,
    61,
    62,
    63,
    64,
    65,
    66,
    67,
    68,
    69,
    70,
    71,
    72,
    73,
    74,
    75,
    76,
    77,
    78,
    79,
    80,
    81,
    82,
    83,
    84,
    85,
    86,
    87,
    88,
    89,
    90,
    91,
    92,
    93,
    94,
    95,
    96,
    97,
    98,
    99,
    100
  ],
  "train_loss": [
    2.4394535432996043,
    2.438820721853115,
    2.437792716428752,
    2.4405615043152324,
    2.4393171520184374,
    2.43709775675898,
    2.437248523887771,
    2.43789643826692,
    2.4372529977422848,
    2.435420471079209,
    2.438084014541353,
    2.4388333562085087,
    2.4398771307962326,
    2.4369049724715444,
    2.4369904671788523,
    2.437701689922596,
    2.4366331515104873,
    2.4379410018091616,
    2.43622431608722,
    2.439312705603402,
    2.4369811639761374,
    2.4371467654967245,
    2.436776558151635,
    2.4374296592019706,
    2.438045952935963,
    2.4383654881011494,
    2.4416583462444414,
    2.4387745741383196,
    2.438381049944007,
    2.4382018671011374,
    2.4360450655603043,
    2.43756403520589,
    2.43832223555621,
    2.4390535299735303,
    2.439715745199062,
    2.4385587297132254,
    2.4356439808750396,
    2.4378034129472037,
    2.4388699165695464,
    2.438665630262526,
    2.4389563198284723,
    2.4354542094423337,
    2.4389039970115016,
    2.4392326024487194,
    2.438315243367344,
    2.4383414681915125,
    2.437497432884353,
    2.437596617452324,
    2.436494297383691,
    2.438415885886268,
    2.438559694973099,
    2.439011903065245,
    2.4413347549145787,
    2.4398013935674485,
    2.4386336242451385,
    2.4413037379379467,
    2.4396369499928507,
    2.4388041624327754,
    2.4397944166227377,
    2.438138644103809,
    2.4403272364145656,
    2.4390668649502727,
    2.4397276606401213,
    2.438788431074918,
    2.440571459358001,
    2.4375302675739885,
    2.440100843034437,
    2.437791277380551,
    2.4370582158608203,
    2.4364406666182497,
    2.4381984164342856,
    2.43685713753371,
    2.439837688070429,
    2.4373047510376367,
    2.4353772837792516,
    2.437553253320172,
    2.4366591062082352,
    2.4374971920267092,
    2.43777510516174,
    2.437312505434236,
    2.4358964082225203,
    2.4392303920462917,
    2.4375978552776836,
    2.438691470933997,
    2.439133555687907,
    2.4369273039386097,
    2.438748350533683,
    2.4390542586441235,
    2.436532582163506,
    2.437821698005852,
    2.4377323879915127,
    2.4389397232123957,
    2.439050097599664,
    2.4397924226873062,
    2.441263561053654,
    2.438632489470265,
    2.43882165174655,
    2.4366164695271446,
    2.43936929861298,
    2.4399244937750386
  ],
  "train_acc": [
    11.076,
    11.072,
    11.016,
    11.09,
    11.09,
    11.098,
    11.21,
    11.206,
    11.096,
    11.108,
    11.108,
    11.128,
    11.074,
    11.204,
    10.996,
    11.088,
    11.234,
    11.012,
    11.086,
    10.906,
    11.284,
    11.268,
    11.16,
    11.236,
    11.07,
    10.996,
    10.842,
    11.02,
    11.014,
    11.102,
    11.238,
    10.98,
    11.106,
    11.154,
    11.018,
    11.128,
    11.054,
    11.208,
    11.054,
    10.944,
    10.914,
    11.328,
    10.828,
    10.956,
    11.078,
    11.066,
    11.174,
    10.858,
    10.96,
    11.104,
    10.982,
    11.038,
    10.96,
    11.1,
    11.056,
    10.958,
    11.1,
    10.952,
    11.126,
    10.9,
    11.024,
    11.11,
    10.934,
    10.966,
    11.002,
    11.066,
    11.288,
    11.152,
    11.068,
    11.22,
    11.144,
    11.02,
    11.056,
    11.14,
    11.2,
    11.154,
    10.968,
    11.096,
    11.152,
    11.072,
    11.1,
    11.054,
    11.206,
    11.092,
    11.128,
    11.172,
    11.164,
    11.088,
    11.256,
    10.892,
    11.018,
    11.134,
    10.98,
    10.868,
    11.016,
    10.988,
    10.974,
    11.014,
    11.052,
    10.994
  ],
  "test_loss": [
    2.4237173659892024,
    2.4237173659892024,
    2.4237173659892024,
    2.4237173659892024,
    2.4237173659892024,
    2.4237173659892024,
    2.4237173659892024,
    2.4237173659892024,
    2.4237173659892024,
    2.4237173659892024,
    2.4237173659892024,
    2.4237173659892024,
    2.4237173659892024,
    2.4237173659892024,
    2.4237173659892024,
    2.4237173659892024,
    2.4237173659892024,
    2.4237173659892024,
    2.4237173659892024,
    2.4237173659892024,
    2.4237173659892024,
    2.4237173659892024,
    2.4237173659892024,
    2.4237173659892024,
    2.4237173659892024,
    2.4237173659892024,
    2.4237173659892024,
    2.4237173659892024,
    2.4237173659892024,
    2.4237173659892024,
    2.4237173659892024,
    2.4237173659892024,
    2.4237173659892024,
    2.4237173659892024,
    2.4237173659892024,
    2.4237173659892024,
    2.4237173659892024,
    2.4237173659892024,
    2.4237173659892024,
    2.4237173659892024,
    2.4237173659892024,
    2.4237173659892024,
    2.4237173659892024,
    2.4237173659892024,
    2.4237173659892024,
    2.4237173659892024,
    2.4237173659892024,
    2.4237173659892024,
    2.4237173659892024,
    2.4237173659892024,
    2.4237173659892024,
    2.4237173659892024,
    2.4237173659892024,
    2.4237173659892024,
    2.4237173659892024,
    2.4237173659892024,
    2.4237173659892024,
    2.4237173659892024,
    2.4237173659892024,
    2.4237173659892024,
    2.4237173659892024,
    2.4237173659892024,
    2.4237173659892024,
    2.4237173659892024,
    2.4237173659892024,
    2.4237173659892024,
    2.4237173659892024,
    2.4237173659892024,
    2.4237173659892024,
    2.4237173659892024,
    2.4237173659892024,
    2.4237173659892024,
    2.4237173659892024,
    2.4237173659892024,
    2.4237173659892024,
    2.4237173659892024,
    2.4237173659892024,
    2.4237173659892024,
    2.4237173659892024,
    2.4237173659892024,
    2.4237173659892024,
    2.4237173659892024,
    2.4237173659892024,
    2.4237173659892024,
    2.4237173659892024,
    2.4237173659892024,
    2.4237173659892024,
    2.4237173659892024,
    2.4237173659892024,
    2.4237173659892024,
    2.4237173659892024,
    2.4237173659892024,
    2.4237173659892024,
    2.4237173659892024,
    2.4237173659892024,
    2.4237173659892024,
    2.4237173659892024,
    2.4237173659892024,
    2.4237173659892024,
    2.4237173659892024
  ],
  "test_acc": [
    10.68,
    10.68,
    10.68,
    10.68,
    10.68,
    10.68,
    10.68,
    10.68,
    10.68,
    10.68,
    10.68,
    10.68,
    10.68,
    10.68,
    10.68,
    10.68,
    10.68,
    10.68,
    10.68,
    10.68,
    10.68,
    10.68,
    10.68,
    10.68,
    10.68,
    10.68,
    10.68,
    10.68,
    10.68,
    10.68,
    10.68,
    10.68,
    10.68,
    10.68,
    10.68,
    10.68,
    10.68,
    10.68,
    10.68,
    10.68,
    10.68,
    10.68,
    10.68,
    10.68,
    10.68,
    10.68,
    10.68,
    10.68,
    10.68,
    10.68,
    10.68,
    10.68,
    10.68,
    10.68,
    10.68,
    10.68,
    10.68,
    10.68,
    10.68,
    10.68,
    10.68,
    10.68,
    10.68,
    10.68,
    10.68,
    10.68,
    10.68,
    10.68,
    10.68,
    10.68,
    10.68,
    10.68,
    10.68,
    10.68,
    10.68,
    10.68,
    10.68,
    10.68,
    10.68,
    10.68,
    10.68,
    10.68,
    10.68,
    10.68,
    10.68,
    10.68,
    10.68,
    10.68,
    10.68,
    10.68,
    10.68,
    10.68,
    10.68,
    10.68,
    10.68,
    10.68,
    10.68,
    10.68,
    10.68,
    10.68
  ],