{
  "epoch": [
    1,
    2,
    3,
    4,
    5,
    6,
    7,
    8,
    9,
    10,
    11,
    12,
    13,
    14,
    15,
    16,
    17,
    18,
    19,
    20,
    21,
    22,
    23,
    24,
    25,
    26,
    27,
    28,
    29,
    30,
    31,
    32,
    33,
    34,
    35,
    36,
    37,
    38,
    39,
    40,
    41,
    42,
    43,
    44,
    45,
    46,
    47,
    48,
    49,
    50
  ],
  "train_loss": [
    2.366112385259565,
    2.36465971671102,
    2.3631983089934834,
    2.3661224189621715,
    2.3657924153310868,
    2.366340557937427,
    2.3620290457440154,
    2.3671442584308515,
    2.3676073593861613,
    2.3646719724016116,
    2.3675380240925743,
    2.3668552877957865,
    2.3650909409193734,
    2.3663046744168565,
    2.3672146315464886,
    2.3691282369901456,
    2.366695007094947,
    2.3653566032419424,
    2.365496603119404,
    2.3662648414406937,
    2.3660353419116085,
    2.366188964575453,
    2.3672809924006155,
    2.3667913788114974,
    2.3685317807795143,
    2.3691753975265777,
    2.3656943350496804,
    2.364773010658791,
    2.364656145920229,
    2.3648820484385773,
    2.3668617976595985,
    2.36715051463193,
    2.362438508006923,
    2.36578444141866,
    2.36874955511459,
    2.3641593437975326,
    2.3634564053372045,
    2.364778512579096,
    2.366784966510275,
    2.365174533765944,
    2.3684734542046666,
    2.367052952042016,
    2.3675270928141408,
    2.3648672914870863,
    2.364453481591266,
    2.364536998217063,
    2.362995748324772,
    2.369143526877284,
    2.3685730723163965,
    2.3640639952686437
  ],
  "train_acc": [
    14.534,
    14.716,
    14.774,
    14.466,
    14.49,
    14.768,
    14.544,
    14.674,
    14.486,
    14.71,
    14.506,
    14.384,
    14.56,
    14.486,
    14.314,
    14.334,
    14.606,
    14.426,
    14.528,
    14.726,
    14.636,
    14.452,
    14.396,
    14.596,
    14.514,
    14.232,
    14.59,
    14.624,
    14.52,
    14.726,
    14.476,
    14.326,
    14.792,
    14.69,
    14.51,
    14.602,
    14.666,
    14.53,
    14.464,
    14.6,
    14.518,
    14.552,
    14.364,
    14.522,
    14.65,
    14.558,
    14.598,
    14.314,
    14.386,
    14.614
  ],
  "test_loss": [
    2.3332029143466224,
    2.3332029143466224,
    2.3332029143466224,
    2.3332029143466224,
    2.3332029143466224,
    2.3332029143466224,
    2.3332029143466224,
    2.3332029143466224,
    2.3332029143466224,
    2.3332029143466224,
    2.3332029143466224,
    2.3332029143466224,
    2.3332029143466224,
    2.3332029143466224,
    2.3332029143466224,
    2.3332029143466224,
    2.3332029143466224,
    2.3332029143466224,
    2.3332029143466224,
    2.3332029143466224,
    2.3332029143466224,
    2.3332029143466224,
    2.3332029143466224,
    2.3332029143466224,
    2.3332029143466224,
    2.3332029143466224,
    2.3332029143466224,
    2.3332029143466224,
    2.3332029143466224,
    2.3332029143466224,
    2.3332029143466224,
    2.3332029143466224,
    2.3332029143466224,
    2.3332029143466224,
    2.3332029143466224,
    2.3332029143466224,
    2.3332029143466224,
    2.3332029143466224,
    2.3332029143466224,
    2.3332029143466224,
    2.3332029143466224,
    2.3332029143466224,
    2.3332029143466224,
    2.3332029143466224,
    2.3332029143466224,
    2.3332029143466224,
    2.3332029143466224,
    2.3332029143466224,
    2.3332029143466224,
    2.3332029143466224
  ],
  "test_acc": [
    16.31,
    16.31,
    16.31,
    16.31,
    16.31,
    16.31,
    16.31,
    16.31,
    16.31,
    16.31,
    16.31,
    16.31,
    16.31,
    16.31,
    16.31,
    16.31,
    16.31,
    16.31,
    16.31,
    16.31,
    16.31,
    16.31,
    16.31,
    16.31,
    16.31,
    16.31,
    16.31,
    16.31,
    16.31,
    16.31,
    16.31,
    16.31,
    16.31,
    16.31,
    16.31,
    16.31,
    16.31,
    16.31,
    16.31,
    16.31,
    16.31,
    16.31,
    16.31,
    16.31,
    16.31,
    16.31,
    16.31,
    16.31,
    16.31,
    16.31
  ],
  "lr": [
    0.001,
    0.0009990133642141358,
    0.000996057350657239,
    0.0009911436253643444,
    0.0009842915805643156,
    0.0009755282581475769,
    0.0009648882429441258,
    0.0009524135262330099,
    0.0009381533400219318,
    0.0009221639627510075,
    0.0009045084971874736,
    0.0008852566213878945,
    0.0008644843137107056,
    0.0008422735529643443,
    0.0008187119948743448,
    0.0007938926261462366,
    0.0007679133974894982,
    0.0007408768370508576,
    0.0007128896457825362,
    0.0006840622763423389,
    0.0006545084971874735,
    0.0006243449435824271,
    0.0005936906572928622,
    0.000562666616782152,
    0.0005313952597646566,
    0.0004999999999999998,
    0.00046860474023534314,
    0.00043733338321784774,
    0.00040630934270713756,
    0.00037565505641757246,
    0.00034549150281252633,
    0.00031593772365766105,
    0.00028711035421746355,
    0.0002591231629491422,
    0.00023208660251050145,
    0.00020610737385376337,
    0.00018128800512565502,
    0.00015772644703565555,
    0.00013551568628929425,
    0.00011474337861210535,
    9.549150281252626e-05,
    7.783603724899252e-05,
    6.184665997806817e-05,
    4.7586473766990294e-05,
    3.5111757055874305e-05,
    2.4471741852423218e-05,
    1.5708419435684507e-05,
    8.856374635655634e-06,
    3.942649342761115e-06,
    9.866357858642198e-07
  ]
}