{"epoch": 100, "global_iteration": 39100, "train_loss": 2.0360532502079254, "train_acc": 23.27, "test_loss": 2.01030451436586, "test_acc": 24.76, "lora1_loss": 2.039491240325791, "lora2_loss": 2.0415078737796883, "lora3_loss": 2.0347834063559462, "lora1_updates": 391, "lora2_updates": 195, "lora3_updates": 97, "lora1_grad_norm": 1.8337527151806332, "lora2_grad_norm": 4.054259032966958, "lora3_grad_norm": 1.4582872328014764, "lr_lora1": 0.0, "lr_lora2": 0.0, "lr_lora3": 0.0, "test_acc_airplane": 48.1, "test_acc_automobile": 8.8, "test_acc_bird": 3.9, "test_acc_cat": 36.5, "test_acc_deer": 23.8, "test_acc_dog": 0.4, "test_acc_frog": 54.0, "test_acc_horse": 20.3, "test_acc_ship": 29.8, "test_acc_truck": 22.0, "_timestamp": 1765501997.1701047, "_runtime": 3041.787081718445, "_step": 99, "best_accuracy": 25.02, "best_epoch": 91, "best_iteration": 35581, "_wandb": {"runtime": 3040}}