{"global_epoch": 15, "cycle": 1, "active_lora": 3, "active_lora_name": "LoRA3", "train_loss": 1.3555507851988458, "train_acc": 50.816, "test_loss": 1.3498988770231415, "test_acc": 51.74, "grad_norm": 1.0735356608777067, "learning_rate": 0.0, "num_locked_loras": 2, "test_acc_airplane": 60.9, "test_acc_automobile": 50.6, "test_acc_bird": 43.8, "test_acc_cat": 24.2, "test_acc_deer": 45.4, "test_acc_dog": 56.1, "test_acc_frog": 62.7, "test_acc_horse": 55.4, "test_acc_ship": 70.3, "test_acc_truck": 48.0, "_timestamp": 1765722186.0716572, "_runtime": 251.23177027702332, "_step": 14, "best_accuracy": 51.74, "best_epoch": 15, "orthogonality_L1_L2": 0.9975293788248704, "_wandb": {"runtime": 255}}