{"batch_train_loss": 0.7014193534851074, "batch_train_acc": 77.31926638176638, "batch": 19900, "_timestamp": 1765079491.5731916, "_runtime": 535.7272057533264, "_step": 449, "epoch": 50, "train_loss": 0.6386267023775584, "train_acc": 77.344, "test_loss": 0.6382898205443274, "test_acc": 78.04, "learning_rate": 9.866357858642198e-07, "test_acc_airplane": 81.4, "test_acc_automobile": 88.2, "test_acc_bird": 67.4, "test_acc_cat": 53.6, "test_acc_deer": 73.2, "test_acc_dog": 76.2, "test_acc_frog": 84.2, "test_acc_horse": 82.8, "test_acc_ship": 87.1, "test_acc_truck": 86.3, "best_accuracy": 78.04, "best_epoch": 50, "_wandb": {"runtime": 535}}