{"batch_train_loss": 1.1275403499603271, "batch_train_acc": 64.01058970099668, "_timestamp": 1765104143.9119837, "_runtime": 289.131778717041, "_step": 12030, "epoch": 29, "current_rank": 10, "active_lora_params": 61440, "train_loss": 1.0102557122250042, "train_acc": 63.836, "test_loss": 0.9179571097410177, "test_acc": 67.44, "learning_rate": 0.00040630934270713756, "best_accuracy": 67.44, "best_epoch": 29, "rank_change": 10, "_wandb": {"runtime": 289}}