{"global_epoch": 14, "cycle": 1, "active_lora": 2, "active_lora_name": "LoRA2", "train_loss": 1.3931560010251487, "train_acc": 49.324, "test_loss": 1.4087965397895137, "test_acc": 50.27, "grad_norm": 0.9089197982284049, "learning_rate": 0.0006545084971874737, "num_locked_loras": 1, "test_acc_airplane": 65.0, "test_acc_automobile": 50.0, "test_acc_bird": 36.5, "test_acc_cat": 23.2, "test_acc_deer": 45.4, "test_acc_dog": 52.9, "test_acc_frog": 65.1, "test_acc_horse": 51.1, "test_acc_ship": 73.1, "test_acc_truck": 40.4, "_timestamp": 1765636146.0222027, "_runtime": 227.06767463684082, "_step": 13, "best_accuracy": 50.27, "best_epoch": 14, "_wandb": {"runtime": 241}}