{"global_epoch": 300, "cycle": 1, "active_lora": 3, "active_lora_name": "LoRA3", "train_loss": 0.7092162817335494, "train_acc": 74.456, "test_loss": 0.9099904702434057, "test_acc": 70.0, "grad_norm": 1.727821838231607, "learning_rate": 0.0, "num_locked_loras": 2, "test_acc_airplane": 77.4, "test_acc_automobile": 81.3, "test_acc_bird": 71.9, "test_acc_cat": 47.7, "test_acc_deer": 57.0, "test_acc_dog": 67.7, "test_acc_frog": 66.9, "test_acc_horse": 74.7, "test_acc_ship": 78.7, "test_acc_truck": 76.7, "_timestamp": 1765978944.7550426, "_runtime": 4533.292050600052, "_step": 299, "best_accuracy": 70.41, "best_epoch": 280, "orthogonality_L1_L2": 0.9867229920302981, "_wandb": {"runtime": 4536}}